Day,Date,Time,Content_Type,Topic,Board
1,Day 1,8am,Home/Organization,5-Minute Morning Declutter Routine,Organization Obsessed
1,Day 1,10am,Self-Care/Wellness,Setting Intentions for the Week,Self-Care Sunday
1,Day 1,12pm,Beauty/Lifestyle,Affordable Skincare Morning Routine,Beauty on a Budget
1,Day 1,2pm,Home/Organization,Pantry Organization on a Budget,Budget Home Hacks
1,Day 1,4pm,Deal/Product,Top 5 Organizational Products Under $20,Daily Deals & Finds
1,Day 1,6pm,Beauty/Lifestyle,Quick After-Work Makeup Refresh,Beauty on a Budget
1,Day 1,8pm,Self-Care/Wellness,10-Minute Evening Meditation Guide,Self-Care Sunday
1,Day 1,10pm,Home/Organization,Tomorrow's To-Do List Template,Organization Obsessed
2,Day 2,8am,Home/Organization,Kitchen Counter Declutter Tips,Budget Home Hacks
2,Day 2,10am,Self-Care/Wellness,Budget-Friendly Smoothie Recipes,Healthy Living
2,Day 2,12pm,Beauty/Lifestyle,Drugstore Makeup Dupes That Work,Beauty on a Budget
2,Day 2,2pm,Home/Organization,Closet Organization Hacks,Organization Obsessed
2,Day 2,4pm,Deal/Product,This Week's Best Amazon Home Finds,Daily Deals & Finds
2,Day 2,6pm,Beauty/Lifestyle,Evening Skincare Routine Under $30,Beauty on a Budget
2,Day 2,8pm,Self-Care/Wellness,Stress-Relief Techniques That Cost Nothing,Self-Care Sunday
2,Day 2,10pm,Home/Organization,Weekly Cleaning Schedule Printable,Budget Home Hacks
3,Day 3,8am,Home/Organization,Bathroom Cabinet Organization,Organization Obsessed
3,Day 3,10am,Self-Care/Wellness,Mid-Week Motivation Tips,Self-Care Sunday
3,Day 3,12pm,Beauty/Lifestyle,Affordable Hair Care Routine,Beauty on a Budget
3,Day 3,2pm,Home/Organization,Home Office Desk Organization,Budget Home Hacks
3,Day 3,4pm,Deal/Product,Best Budget Cleaning Supplies,Daily Deals & Finds
3,Day 3,6pm,Beauty/Lifestyle,Date Night Makeup Under 10 Minutes,Beauty on a Budget
3,Day 3,8pm,Self-Care/Wellness,Bedtime Yoga Stretches,Healthy Living
3,Day 3,10pm,Home/Organization,Meal Prep Container Organization,Organization Obsessed
4,Day 4,8am,Home/Organization,Entryway Organization Ideas,Budget Home Hacks
4,Day 4,10am,Self-Care/Wellness,Healthy Breakfast Meal Prep,Healthy Living
4,Day 4,12pm,Beauty/Lifestyle,Everyday Makeup Bag Essentials,Beauty on a Budget
4,Day 4,2pm,Home/Organization,Linen Closet Makeover Tips,Organization Obsessed
4,Day 4,4pm,Deal/Product,Target Circle Deals This Week,Daily Deals & Finds
4,Day 4,6pm,Beauty/Lifestyle,Affordable Perfume Dupes,Beauty on a Budget
4,Day 4,8pm,Self-Care/Wellness,Journal Prompts for Self-Reflection,Self-Care Sunday
4,Day 4,10pm,Home/Organization,Weekend Project Planning Guide,Budget Home Hacks
5,Day 5,8am,Home/Organization,Quick 15-Minute Clean-Up Checklist,Budget Home Hacks
5,Day 5,10am,Self-Care/Wellness,TGIF Self-Care Ideas,Self-Care Sunday
5,Day 5,12pm,Beauty/Lifestyle,Weekend Brunch Outfit Ideas,Style Steals
5,Day 5,2pm,Home/Organization,Fridge Organization Before Weekend,Organization Obsessed
5,Day 5,4pm,Deal/Product,Weekend Flash Sale Alerts,Daily Deals & Finds
5,Day 5,6pm,Beauty/Lifestyle,Friday Night Glam on a Budget,Beauty on a Budget
5,Day 5,8pm,Self-Care/Wellness,Movie Night Self-Care Setup,Self-Care Sunday
5,Day 5,10pm,Home/Organization,Saturday Cleaning Motivation,Budget Home Hacks
6,Day 6,8am,Home/Organization,Weekend Deep Clean Checklist,Budget Home Hacks
6,Day 6,10am,Self-Care/Wellness,Morning Wellness Routine Saturday Edition,Healthy Living
6,Day 6,12pm,Beauty/Lifestyle,Casual Weekend Style Ideas,Style Steals
6,Day 6,2pm,Home/Organization,Garage Organization Tips,Organization Obsessed
6,Day 6,4pm,Deal/Product,Best Weekend Deals Roundup,Daily Deals & Finds
6,Day 6,6pm,Beauty/Lifestyle,No-Makeup Makeup Look,Beauty on a Budget
6,Day 6,8pm,Self-Care/Wellness,Saturday Night In Ideas,Self-Care Sunday
6,Day 6,10pm,Home/Organization,Sunday Prep Checklist,Organization Obsessed
7,Day 7,8am,Home/Organization,Sunday Reset Routine,Budget Home Hacks
7,Day 7,10am,Self-Care/Wellness,Self-Care Sunday Full Guide,Self-Care Sunday
7,Day 7,12pm,Beauty/Lifestyle,At-Home Spa Day Ideas,Beauty on a Budget
7,Day 7,2pm,Home/Organization,Meal Prep Sunday Guide,Mom Life Hacks
7,Day 7,4pm,Deal/Product,Weekly Meal Prep Essentials,Daily Deals & Finds
7,Day 7,6pm,Beauty/Lifestyle,Week-Ahead Outfit Planning,Style Steals
7,Day 7,8pm,Self-Care/Wellness,Gratitude Practice for the Week,Self-Care Sunday
7,Day 7,10pm,Home/Organization,Week Ahead Planning Template,Organization Obsessed
8,Day 8,8am,Home/Organization,Creating a Calm Morning Space,Budget Home Hacks
8,Day 8,10am,Self-Care/Wellness,Monday Motivation Mantras,Self-Care Sunday
8,Day 8,12pm,Beauty/Lifestyle,Stress-Relief Skincare Ingredients,Beauty on a Budget
8,Day 8,2pm,Home/Organization,Bedroom Sanctuary Setup,Organization Obsessed
8,Day 8,4pm,Deal/Product,Best Candles Under $15,Daily Deals & Finds
8,Day 8,6pm,Beauty/Lifestyle,After-Work Face Mask Routine,Beauty on a Budget
8,Day 8,8pm,Self-Care/Wellness,Sleep Hygiene Tips,Healthy Living
8,Day 8,10pm,Home/Organization,Nightstand Organization for Better Sleep,Budget Home Hacks
9,Day 9,8am,Home/Organization,Morning Routine Station Setup,Organization Obsessed
9,Day 9,10am,Self-Care/Wellness,Healthy Snack Prep Ideas,Healthy Living
9,Day 9,12pm,Beauty/Lifestyle,Hydrating Skincare on a Budget,Beauty on a Budget
9,Day 9,2pm,Home/Organization,Bathroom Spa Vibes on a Budget,Budget Home Hacks
9,Day 9,4pm,Deal/Product,Aromatherapy Essentials Under $25,Daily Deals & Finds
9,Day 9,6pm,Beauty/Lifestyle,Relaxing Bath Routine,Beauty on a Budget
9,Day 9,8pm,Self-Care/Wellness,Breathing Exercises for Anxiety,Self-Care Sunday
9,Day 9,10pm,Home/Organization,Creating a Bedtime Routine Chart,Organization Obsessed
10,Day 10,8am,Home/Organization,Decluttering for Mental Clarity,Budget Home Hacks
10,Day 10,10am,Self-Care/Wellness,Mid-Week Wellness Check-In,Self-Care Sunday
10,Day 10,12pm,Beauty/Lifestyle,Eye Care Budget Products,Beauty on a Budget
10,Day 10,2pm,Home/Organization,Creating a Meditation Corner,Organization Obsessed
10,Day 10,4pm,Deal/Product,Best Wellness Apps (Free & Paid),Daily Deals & Finds
10,Day 10,6pm,Beauty/Lifestyle,Lip Care Routine for Winter,Beauty on a Budget
10,Day 10,8pm,Self-Care/Wellness,Gentle Evening Stretches,Healthy Living
10,Day 10,10pm,Home/Organization,Journaling Space Setup,Budget Home Hacks
11,Day 11,8am,Home/Organization,Kitchen Wellness Corner Ideas,Organization Obsessed
11,Day 11,10am,Self-Care/Wellness,Immune-Boosting Smoothie Recipes,Healthy Living
11,Day 11,12pm,Beauty/Lifestyle,Natural Beauty DIY Recipes,Beauty on a Budget
11,Day 11,2pm,Home/Organization,Exercise Equipment Storage,Budget Home Hacks
11,Day 11,4pm,Deal/Product,Fitness Equipment Under $50,Daily Deals & Finds
11,Day 11,6pm,Beauty/Lifestyle,Hand Care Routine,Beauty on a Budget
11,Day 11,8pm,Self-Care/Wellness,Digital Detox Evening Guide,Self-Care Sunday
11,Day 11,10pm,Home/Organization,Weekend Wellness Planning,Organization Obsessed
12,Day 12,8am,Home/Organization,Creating a Feel-Good Playlist Station,Budget Home Hacks
12,Day 12,10am,Self-Care/Wellness,Friday Affirmations,Self-Care Sunday
12,Day 12,12pm,Beauty/Lifestyle,Weekend Getaway Packing Beauty,Beauty on a Budget
12,Day 12,2pm,Home/Organization,Travel Toiletry Organization,Organization Obsessed
12,Day 12,4pm,Deal/Product,Self-Care Subscription Box Reviews,Daily Deals & Finds
12,Day 12,6pm,Beauty/Lifestyle,Effortless Weekend Makeup,Beauty on a Budget
12,Day 12,8pm,Self-Care/Wellness,Cozy Night In Essentials,Self-Care Sunday
12,Day 12,10pm,Home/Organization,Weekend Self-Care Prep,Budget Home Hacks
13,Day 13,8am,Home/Organization,Morning Yoga Space Setup,Organization Obsessed
13,Day 13,10am,Self-Care/Wellness,Saturday Morning Wellness Ritual,Self-Care Sunday
13,Day 13,12pm,Beauty/Lifestyle,At-Home Facial Guide,Beauty on a Budget
13,Day 13,2pm,Home/Organization,Creating a Reading Nook,Budget Home Hacks
13,Day 13,4pm,Deal/Product,Best Books for Self-Improvement,Daily Deals & Finds
13,Day 13,6pm,Beauty/Lifestyle,Hair Mask Treatment Guide,Beauty on a Budget
13,Day 13,8pm,Self-Care/Wellness,Gratitude Journaling Practice,Self-Care Sunday
13,Day 13,10pm,Home/Organization,Preparing for Restful Sunday,Organization Obsessed
14,Day 14,8am,Home/Organization,Slow Sunday Morning Setup,Budget Home Hacks
14,Day 14,10am,Self-Care/Wellness,Ultimate Self-Care Sunday Checklist,Self-Care Sunday
14,Day 14,12pm,Beauty/Lifestyle,Weekly Beauty Reset Routine,Beauty on a Budget
14,Day 14,2pm,Home/Organization,Preparing Healthy Meals for the Week,Mom Life Hacks
14,Day 14,4pm,Deal/Product,Meal Prep Containers Worth Buying,Daily Deals & Finds
14,Day 14,6pm,Beauty/Lifestyle,Sunday Evening Skincare Ritual,Beauty on a Budget
14,Day 14,8pm,Self-Care/Wellness,Reflection Questions for the Week,Self-Care Sunday
14,Day 14,10pm,Home/Organization,Monday Morning Prep Guide,Organization Obsessed
15,Day 15,8am,Home/Organization,Kitchen Deep Clean Checklist,Budget Home Hacks
15,Day 15,10am,Self-Care/Wellness,Energizing Morning Playlist Ideas,Healthy Living
15,Day 15,12pm,Beauty/Lifestyle,Cleaning Up Your Makeup Collection,Beauty on a Budget
15,Day 15,2pm,Home/Organization,Under-Sink Organization,Organization Obsessed
15,Day 15,4pm,Deal/Product,Best Cleaning Products That Actually Work,Daily Deals & Finds
15,Day 15,6pm,Beauty/Lifestyle,Post-Cleaning Pamper Routine,Beauty on a Budget
15,Day 15,8pm,Self-Care/Wellness,Celebrating Small Wins,Self-Care Sunday
15,Day 15,10pm,Home/Organization,Tuesday Deep Clean Plan,Budget Home Hacks
16,Day 16,8am,Home/Organization,Bathroom Deep Clean Guide,Budget Home Hacks
16,Day 16,10am,Self-Care/Wellness,Healthy Lunch Ideas for Busy Days,Healthy Living
16,Day 16,12pm,Beauty/Lifestyle,Organizing Your Skincare Products,Beauty on a Budget
16,Day 16,2pm,Home/Organization,Medicine Cabinet Overhaul,Organization Obsessed
16,Day 16,4pm,Deal/Product,Storage Solutions Under $15,Daily Deals & Finds
16,Day 16,6pm,Beauty/Lifestyle,Nighttime Beauty Prep Station,Beauty on a Budget
16,Day 16,8pm,Self-Care/Wellness,Managing Overwhelm While Cleaning,Self-Care Sunday
16,Day 16,10pm,Home/Organization,Bedroom Refresh Checklist,Budget Home Hacks
17,Day 17,8am,Home/Organization,Bedroom Deep Clean and Declutter,Organization Obsessed
17,Day 17,10am,Self-Care/Wellness,Mid-Week Energy Boost Tips,Self-Care Sunday
17,Day 17,12pm,Beauty/Lifestyle,Closet Clean-Out Criteria,Style Steals
17,Day 17,2pm,Home/Organization,Nightstand and Dresser Organization,Budget Home Hacks
17,Day 17,4pm,Deal/Product,Best Hangers and Closet Tools,Daily Deals & Finds
17,Day 17,6pm,Beauty/Lifestyle,Capsule Wardrobe Basics,Style Steals
17,Day 17,8pm,Self-Care/Wellness,Relaxing After a Productive Day,Self-Care Sunday
17,Day 17,10pm,Home/Organization,Living Room Refresh Plan,Organization Obsessed
18,Day 18,8am,Home/Organization,Living Room Deep Clean,Budget Home Hacks
18,Day 18,10am,Self-Care/Wellness,Staying Hydrated During Busy Days,Healthy Living
18,Day 18,12pm,Beauty/Lifestyle,Coffee Table Styling on a Budget,Style Steals
18,Day 18,2pm,Home/Organization,Entertainment Center Cable Management,Organization Obsessed
18,Day 18,4pm,Deal/Product,Affordable Home Decor Finds,Daily Deals & Finds
18,Day 18,6pm,Beauty/Lifestyle,Creating a Cozy Living Room,Beauty on a Budget
18,Day 18,8pm,Self-Care/Wellness,Family Movie Night Setup,Self-Care Sunday
18,Day 18,10pm,Home/Organization,Final Room Refresh Plan,Budget Home Hacks
19,Day 19,8am,Home/Organization,Laundry Room Organization,Organization Obsessed
19,Day 19,10am,Self-Care/Wellness,Friday Reward Ideas That Cost Nothing,Self-Care Sunday
19,Day 19,12pm,Beauty/Lifestyle,Organizing Laundry by Outfit Type,Style Steals
19,Day 19,2pm,Home/Organization,Utility Closet Makeover,Budget Home Hacks
19,Day 19,4pm,Deal/Product,Best Laundry Products on Sale,Daily Deals & Finds
19,Day 19,6pm,Beauty/Lifestyle,Fresh Laundry Scent Hacks,Beauty on a Budget
19,Day 19,8pm,Self-Care/Wellness,Weekend Project Celebration Plans,Self-Care Sunday
19,Day 19,10pm,Home/Organization,Weekend Finishing Touches List,Organization Obsessed
20,Day 20,8am,Home/Organization,Garage/Storage Area Deep Clean,Budget Home Hacks
20,Day 20,10am,Self-Care/Wellness,Staying Energized for Big Projects,Healthy Living
20,Day 20,12pm,Beauty/Lifestyle,Donation Pile Fashion Guide,Style Steals
20,Day 20,2pm,Home/Organization,Seasonal Item Storage Solutions,Organization Obsessed
20,Day 20,4pm,Deal/Product,Best Storage Bins and Containers,Daily Deals & Finds
20,Day 20,6pm,Beauty/Lifestyle,Post-Project Reward Yourself Beauty,Beauty on a Budget
20,Day 20,8pm,Self-Care/Wellness,Reflecting on Home Transformation,Self-Care Sunday
20,Day 20,10pm,Home/Organization,Maintenance Schedule Setup,Budget Home Hacks
21,Day 21,8am,Home/Organization,Home Refresh Final Walkthrough,Organization Obsessed
21,Day 21,10am,Self-Care/Wellness,Enjoying Your Refreshed Home,Self-Care Sunday
21,Day 21,12pm,Beauty/Lifestyle,Styling Your Newly Organized Spaces,Style Steals
21,Day 21,2pm,Home/Organization,Creating Home Maintenance Routines,Mom Life Hacks
21,Day 21,4pm,Deal/Product,Maintenance Products Worth Having,Daily Deals & Finds
21,Day 21,6pm,Beauty/Lifestyle,Home Photoshoot Tips for Social Media,Beauty on a Budget
21,Day 21,8pm,Self-Care/Wellness,Gratitude for Your Living Space,Self-Care Sunday
21,Day 21,10pm,Home/Organization,Week 4 Preview and Planning,Budget Home Hacks
22,Day 22,8am,Home/Organization,Vanity Organization Ideas,Organization Obsessed
22,Day 22,10am,Self-Care/Wellness,Morning Skincare Routine Deep Dive,Self-Care Sunday
22,Day 22,12pm,Beauty/Lifestyle,Building a Budget Beauty Routine,Beauty on a Budget
22,Day 22,2pm,Home/Organization,Makeup Drawer Organization,Budget Home Hacks
22,Day 22,4pm,Deal/Product,Top 10 Drugstore Beauty Buys,Daily Deals & Finds
22,Day 22,6pm,Beauty/Lifestyle,Evening Skincare Layering Guide,Beauty on a Budget
22,Day 22,8pm,Self-Care/Wellness,The Connection Between Sleep and Skin,Healthy Living
22,Day 22,10pm,Home/Organization,Skincare Product Rotation System,Organization Obsessed
23,Day 23,8am,Home/Organization,Hair Product Organization,Budget Home Hacks
23,Day 23,10am,Self-Care/Wellness,Scalp Care for Healthy Hair,Healthy Living
23,Day 23,12pm,Beauty/Lifestyle,Hair Styling Tools Guide,Beauty on a Budget
23,Day 23,2pm,Home/Organization,Bathroom Counter Beauty Display,Organization Obsessed
23,Day 23,4pm,Deal/Product,Best Hair Tools Under $40,Daily Deals & Finds
23,Day 23,6pm,Beauty/Lifestyle,Quick Hairstyles for Busy Mornings,Beauty on a Budget
23,Day 23,8pm,Self-Care/Wellness,Hair Mask Night Routine,Self-Care Sunday
23,Day 23,10pm,Home/Organization,Weekly Hair Care Schedule,Budget Home Hacks
24,Day 24,8am,Home/Organization,Jewelry Organization Ideas,Organization Obsessed
24,Day 24,10am,Self-Care/Wellness,Body Care Routine Essentials,Self-Care Sunday
24,Day 24,12pm,Beauty/Lifestyle,Accessorizing on a Budget,Style Steals
24,Day 24,2pm,Home/Organization,Accessory Storage Solutions,Budget Home Hacks
24,Day 24,4pm,Deal/Product,Affordable Jewelry Finds,Daily Deals & Finds
24,Day 24,6pm,Beauty/Lifestyle,Statement Jewelry Styling Guide,Style Steals
24,Day 24,8pm,Self-Care/Wellness,Hand and Foot Care Routine,Self-Care Sunday
24,Day 24,10pm,Home/Organization,Seasonal Accessory Rotation,Organization Obsessed
25,Day 25,8am,Home/Organization,Closet Color Coordination,Budget Home Hacks
25,Day 25,10am,Self-Care/Wellness,Dressing for Confidence,Self-Care Sunday
25,Day 25,12pm,Beauty/Lifestyle,Building a Capsule Wardrobe,Style Steals
25,Day 25,2pm,Home/Organization,Shoe Storage Solutions,Organization Obsessed
25,Day 25,4pm,Deal/Product,Wardrobe Staples Worth Investing In,Daily Deals & Finds
25,Day 25,6pm,Beauty/Lifestyle,Mixing High and Low Fashion,Style Steals
25,Day 25,8pm,Self-Care/Wellness,Body Positivity and Fashion,Self-Care Sunday
25,Day 25,10pm,Home/Organization,Seasonal Wardrobe Swap Guide,Budget Home Hacks
26,Day 26,8am,Home/Organization,Weekend Bag Organization,Organization Obsessed
26,Day 26,10am,Self-Care/Wellness,Self-Care Through Personal Style,Self-Care Sunday
26,Day 26,12pm,Beauty/Lifestyle,Weekend Outfit Inspiration,Style Steals
26,Day 26,2pm,Home/Organization,Travel Beauty Organization,Budget Home Hacks
26,Day 26,4pm,Deal/Product,Best Travel-Size Beauty Products,Daily Deals & Finds
26,Day 26,6pm,Beauty/Lifestyle,Friday Night Out Looks,Beauty on a Budget
26,Day 26,8pm,Self-Care/Wellness,Getting Ready Ritual as Self-Care,Self-Care Sunday
26,Day 26,10pm,Home/Organization,Weekend Style Planning,Organization Obsessed
27,Day 27,8am,Home/Organization,Beauty Product Inventory Day,Budget Home Hacks
27,Day 27,10am,Self-Care/Wellness,Saturday Spa Morning Routine,Self-Care Sunday
27,Day 27,12pm,Beauty/Lifestyle,DIY Beauty Treatments,Beauty on a Budget
27,Day 27,2pm,Home/Organization,Creating a Beauty Inventory System,Organization Obsessed
27,Day 27,4pm,Deal/Product,Best Clean Beauty on a Budget,Daily Deals & Finds
27,Day 27,6pm,Beauty/Lifestyle,Date Night Beauty Routine,Beauty on a Budget
27,Day 27,8pm,Self-Care/Wellness,Partner Spa Night Ideas,Self-Care Sunday
27,Day 27,10pm,Home/Organization,Sunday Beauty Prep,Budget Home Hacks
28,Day 28,8am,Home/Organization,Weekly Beauty Routine Reset,Organization Obsessed
28,Day 28,10am,Self-Care/Wellness,Self-Care Sunday: Beauty Edition,Self-Care Sunday
28,Day 28,12pm,Beauty/Lifestyle,Prepping Skin for the Week,Beauty on a Budget
28,Day 28,2pm,Home/Organization,Planning Outfits for the Week,Mom Life Hacks
28,Day 28,4pm,Deal/Product,Weekly Beauty Deals Roundup,Daily Deals & Finds
28,Day 28,6pm,Beauty/Lifestyle,Quick Beauty Wins for Busy Weeks,Beauty on a Budget
28,Day 28,8pm,Self-Care/Wellness,Beauty Sleep Optimization,Healthy Living
28,Day 28,10pm,Home/Organization,Month Review and Next Steps,Budget Home Hacks
29,Day 29,8am,Home/Organization,Top 5 Organization Wins This Month,Organization Obsessed
29,Day 29,10am,Self-Care/Wellness,Favorite Self-Care Discoveries,Self-Care Sunday
29,Day 29,12pm,Beauty/Lifestyle,Most-Loved Beauty Tips Roundup,Beauty on a Budget
29,Day 29,2pm,Home/Organization,Organization Hacks That Stuck,Budget Home Hacks
29,Day 29,4pm,Deal/Product,Best Deals We Found This Month,Daily Deals & Finds
29,Day 29,6pm,Beauty/Lifestyle,Reader Favorite Beauty Products,Beauty on a Budget
29,Day 29,8pm,Self-Care/Wellness,Self-Care Wins to Celebrate,Self-Care Sunday
29,Day 29,10pm,Home/Organization,Next Month's Goals Preview,Organization Obsessed
30,Day 30,8am,Home/Organization,30-Day Challenge Complete Celebration,Budget Home Hacks
30,Day 30,10am,Self-Care/Wellness,Monthly Reflection Practice,Self-Care Sunday
30,Day 30,12pm,Beauty/Lifestyle,Before and After: Beauty Routine Evolution,Beauty on a Budget
30,Day 30,2pm,Home/Organization,Home Transformation Highlights,Organization Obsessed
30,Day 30,4pm,Deal/Product,Products That Made a Difference,Daily Deals & Finds
30,Day 30,6pm,Beauty/Lifestyle,Style Evolution This Month,Style Steals
30,Day 30,8pm,Self-Care/Wellness,Setting Intentions for Next Month,Self-Care Sunday
30,Day 30,10pm,Home/Organization,Thank You to Our Community,Mom Life Hacks
